<?xml version="1.0" standalone="yes"?>
<NewDataSet>
  <Table1>
    <ID>1</ID>
    <Move> #0 P1660 #1 P1300 #2 P1383 #3 P1670 #5 P1580 #6 P1500 #8 P1700 #9 P2300 #11 P1900 #12 P1100 #14 P700 #16 P1300 #18 P1550 #20 P1330 #21 P1617 #22 P1700 #23 P1640</Move>
    <Time> T400</Time>
    <position> POS0X=593Y=411 POS1X=472Y=414 POS2X=471Y=330 POS3X=470Y=240 POS5X=442Y=171 POS6X=386Y=-2 POS8X=650Y=185 POS9X=561Y=93 POS11X=442Y=84 POS12X=324Y=84 POS14X=202Y=93 POS16X=110Y=186 POS18X=323Y=171 POS20X=297Y=242 POS21X=296Y=332 POS22X=295Y=418 POS23X=174Y=411</position>
  </Table1>
  <Table1>
    <ID />
    <Move />
    <Time />
    <position />
  </Table1>
</NewDataSet>